pref	genome	rate	S_alg	k	d	real(s)	sys(s)	user(s)	percent_CPU	max_RAM(kb)	FS_inputs	FS_outputs	elapsed_time_alt(s)
escherichia_coli.k32.r_0.000000001.S_global.k_13.d_na	escherichia_coli.k32	0.000000001	global	13	na	0.00	0.00	0.00	75%	4072	0	0	0.007631
escherichia_coli.k32.r_0.0001.S_global.k_13.d_na	escherichia_coli.k32	0.0001	global	13	na	0.02	0.00	0.02	92%	4220	0	0	0.03074
escherichia_coli.k32.r_0.001.S_global.k_13.d_na	escherichia_coli.k32	0.001	global	13	na	0.10	0.00	0.10	99%	5312	0	0	0.111409
escherichia_coli.k32.r_0.01.S_global.k_13.d_na	escherichia_coli.k32	0.01	global	13	na	0.94	0.00	0.91	97%	17092	0	0	0.944773
escherichia_coli.k32.r_0.05.S_global.k_13.d_na	escherichia_coli.k32	0.05	global	13	na	5.03	0.03	4.88	97%	70432	0	0	5.040911
escherichia_coli.k32.r_0.1.S_global.k_13.d_na	escherichia_coli.k32	0.1	global	13	na	8.48	0.06	8.26	98%	137076	0	0	8.487311
escherichia_coli.k32.r_0.2.S_global.k_13.d_na	escherichia_coli.k32	0.2	global	13	na	17.26	0.14	16.91	98%	262012	0	0	17.267981
escherichia_coli.k32.r_0.3.S_global.k_13.d_na	escherichia_coli.k32	0.3	global	13	na	24.25	0.17	23.80	98%	399448	0	0	24.256903
escherichia_coli.k32.r_0.4.S_global.k_13.d_na	escherichia_coli.k32	0.4	global	13	na	38.81	0.60	38.01	99%	520228	0	0	38.814817
escherichia_coli.k32.r_0.5.S_global.k_13.d_na	escherichia_coli.k32	0.5	global	13	na	35.81	0.29	35.25	99%	674300	0	0	35.814897
escherichia_coli.k32.r_0.6.S_global.k_13.d_na	escherichia_coli.k32	0.6	global	13	na	43.36	0.32	42.57	98%	795088	0	0	43.370322
escherichia_coli.k32.r_0.7.S_global.k_13.d_na	escherichia_coli.k32	0.7	global	13	na	49.81	0.36	49.12	99%	915880	0	0	49.814908
escherichia_coli.k32.r_0.8.S_global.k_13.d_na	escherichia_coli.k32	0.8	global	13	na	55.02	0.45	54.25	99%	1036660	0	0	55.031227
escherichia_coli.k32.r_0.9.S_global.k_13.d_na	escherichia_coli.k32	0.9	global	13	na	56.00	0.46	55.23	99%	1157456	0	0	56.009282
escherichia_coli.k32.r_1.0.S_global.k_13.d_na	escherichia_coli.k32	1.0	global	13	na	100.45	0.68	99.67	99%	1344796	0	0	100.460543
escherichia_coli.k32.r_0.000000001.S_local.k_13.d_1	escherichia_coli.k32	0.000000001	local	13	1	0.00	0.00	0.00	75%	4068	0	0	0.008269
escherichia_coli.k32.r_0.0001.S_local.k_13.d_1	escherichia_coli.k32	0.0001	local	13	1	0.00	0.00	0.00	88%	4100	0	0	0.013375
escherichia_coli.k32.r_0.001.S_local.k_13.d_1	escherichia_coli.k32	0.001	local	13	1	0.05	0.01	0.03	96%	4720	0	0	0.060366
escherichia_coli.k32.r_0.01.S_local.k_13.d_1	escherichia_coli.k32	0.01	local	13	1	0.55	0.15	0.38	96%	8428	0	0	0.559714
escherichia_coli.k32.r_0.05.S_local.k_13.d_1	escherichia_coli.k32	0.05	local	13	1	2.67	0.66	1.91	96%	21100	0	0	2.68228
escherichia_coli.k32.r_0.1.S_local.k_13.d_1	escherichia_coli.k32	0.1	local	13	1	6.07	1.35	4.55	97%	37996	0	0	6.075951
escherichia_coli.k32.r_0.2.S_local.k_13.d_1	escherichia_coli.k32	0.2	local	13	1	11.72	1.89	9.65	98%	72264	0	0	11.726403
escherichia_coli.k32.r_0.3.S_local.k_13.d_1	escherichia_coli.k32	0.3	local	13	1	13.12	2.42	10.50	98%	141072	0	0	13.12946
escherichia_coli.k32.r_0.4.S_local.k_13.d_1	escherichia_coli.k32	0.4	local	13	1	24.34	3.12	21.07	99%	141068	0	0	24.348399
escherichia_coli.k32.r_0.5.S_local.k_13.d_1	escherichia_coli.k32	0.5	local	13	1	20.40	2.95	17.16	98%	278156	0	0	20.409715
escherichia_coli.k32.r_0.6.S_local.k_13.d_1	escherichia_coli.k32	0.6	local	13	1	25.20	2.90	22.01	98%	278160	0	0	25.214176
escherichia_coli.k32.r_0.7.S_local.k_13.d_1	escherichia_coli.k32	0.7	local	13	1	28.06	2.91	24.65	98%	278160	0	0	28.072791
escherichia_coli.k32.r_0.8.S_local.k_13.d_1	escherichia_coli.k32	0.8	local	13	1	29.67	2.20	27.00	98%	278160	0	0	29.680081
escherichia_coli.k32.r_0.9.S_local.k_13.d_1	escherichia_coli.k32	0.9	local	13	1	35.29	1.78	33.24	99%	278160	0	0	35.296716
escherichia_coli.k32.r_1.0.S_local.k_13.d_1	escherichia_coli.k32	1.0	local	13	1	70.67	1.27	69.34	99%	552600	0	0	70.682812
escherichia_coli.k32.r_0.000000001.S_local.k_13.d_2	escherichia_coli.k32	0.000000001	local	13	2	0.00	0.00	0.00	100%	4068	0	0	0.007934
escherichia_coli.k32.r_0.0001.S_local.k_13.d_2	escherichia_coli.k32	0.0001	local	13	2	0.01	0.00	0.01	94%	4100	0	0	0.022829
escherichia_coli.k32.r_0.001.S_local.k_13.d_2	escherichia_coli.k32	0.001	local	13	2	0.09	0.02	0.07	98%	4720	0	0	0.097626
escherichia_coli.k32.r_0.01.S_local.k_13.d_2	escherichia_coli.k32	0.01	local	13	2	1.01	0.19	0.80	97%	8428	0	0	1.022643
escherichia_coli.k32.r_0.05.S_local.k_13.d_2	escherichia_coli.k32	0.05	local	13	2	4.73	0.64	3.97	97%	21100	0	0	4.742752
escherichia_coli.k32.r_0.1.S_local.k_13.d_2	escherichia_coli.k32	0.1	local	13	2	9.76	0.71	8.84	97%	37996	0	0	9.764439
escherichia_coli.k32.r_0.2.S_local.k_13.d_2	escherichia_coli.k32	0.2	local	13	2	15.40	0.98	14.19	98%	72264	0	0	15.407372
escherichia_coli.k32.r_0.3.S_local.k_13.d_2	escherichia_coli.k32	0.3	local	13	2	18.29	1.09	17.04	99%	141072	0	0	18.300385
escherichia_coli.k32.r_0.4.S_local.k_13.d_2	escherichia_coli.k32	0.4	local	13	2	31.25	1.19	29.89	99%	141068	0	0	31.255254
escherichia_coli.k32.r_0.5.S_local.k_13.d_2	escherichia_coli.k32	0.5	local	13	2	22.05	1.01	20.76	98%	278156	0	0	22.05619
escherichia_coli.k32.r_0.6.S_local.k_13.d_2	escherichia_coli.k32	0.6	local	13	2	27.97	1.10	26.60	99%	278160	0	0	27.982751
escherichia_coli.k32.r_0.7.S_local.k_13.d_2	escherichia_coli.k32	0.7	local	13	2	31.64	0.90	30.47	99%	278156	0	0	31.652131
escherichia_coli.k32.r_0.8.S_local.k_13.d_2	escherichia_coli.k32	0.8	local	13	2	37.79	1.01	36.46	99%	278156	0	0	37.80268
escherichia_coli.k32.r_0.9.S_local.k_13.d_2	escherichia_coli.k32	0.9	local	13	2	43.19	0.87	42.03	99%	278156	0	0	43.199637
escherichia_coli.k32.r_1.0.S_local.k_13.d_2	escherichia_coli.k32	1.0	local	13	2	76.21	0.73	75.42	99%	552600	0	0	76.221845
escherichia_coli.k32.r_0.000000001.S_local.k_13.d_3	escherichia_coli.k32	0.000000001	local	13	3	0.00	0.00	0.00	100%	4068	0	0	0.008269
escherichia_coli.k32.r_0.0001.S_local.k_13.d_3	escherichia_coli.k32	0.0001	local	13	3	0.03	0.00	0.02	96%	4100	0	0	0.035236
escherichia_coli.k32.r_0.001.S_local.k_13.d_3	escherichia_coli.k32	0.001	local	13	3	0.22	0.01	0.20	98%	4720	0	0	0.231195
escherichia_coli.k32.r_0.01.S_local.k_13.d_3	escherichia_coli.k32	0.01	local	13	3	1.78	0.12	1.64	98%	8428	0	0	1.789759
escherichia_coli.k32.r_0.05.S_local.k_13.d_3	escherichia_coli.k32	0.05	local	13	3	8.03	0.24	7.68	98%	21100	0	0	8.033579
escherichia_coli.k32.r_0.1.S_local.k_13.d_3	escherichia_coli.k32	0.1	local	13	3	14.06	0.39	13.46	98%	38116	0	0	14.065855
escherichia_coli.k32.r_0.2.S_local.k_13.d_3	escherichia_coli.k32	0.2	local	13	3	21.30	0.34	20.79	99%	75784	0	0	21.304485
escherichia_coli.k32.r_0.3.S_local.k_13.d_3	escherichia_coli.k32	0.3	local	13	3	19.92	0.46	19.20	98%	149616	0	0	19.927384
escherichia_coli.k32.r_0.4.S_local.k_13.d_3	escherichia_coli.k32	0.4	local	13	3	33.35	0.48	32.70	99%	162724	0	0	33.360943
escherichia_coli.k32.r_0.5.S_local.k_13.d_3	escherichia_coli.k32	0.5	local	13	3	26.24	0.52	25.43	98%	285124	0	0	26.249445
escherichia_coli.k32.r_0.6.S_local.k_13.d_3	escherichia_coli.k32	0.6	local	13	3	28.78	0.39	28.11	99%	290888	0	0	28.791646
escherichia_coli.k32.r_0.7.S_local.k_13.d_3	escherichia_coli.k32	0.7	local	13	3	35.75	0.47	34.98	99%	286896	0	0	35.753114
escherichia_coli.k32.r_0.8.S_local.k_13.d_3	escherichia_coli.k32	0.8	local	13	3	41.93	0.49	41.08	99%	287456	0	0	41.934959
escherichia_coli.k32.r_0.9.S_local.k_13.d_3	escherichia_coli.k32	0.9	local	13	3	49.52	0.49	48.73	99%	288796	0	0	49.528266
escherichia_coli.k32.r_1.0.S_local.k_13.d_3	escherichia_coli.k32	1.0	local	13	3	77.77	0.65	76.93	99%	629576	0	0	77.781096
escherichia_coli.k32.r_0.000000001.S_local.k_13.d_4	escherichia_coli.k32	0.000000001	local	13	4	0.00	0.00	0.00	100%	4068	0	0	0.006262
escherichia_coli.k32.r_0.0001.S_local.k_13.d_4	escherichia_coli.k32	0.0001	local	13	4	0.09	0.00	0.08	98%	4100	0	0	0.097065
escherichia_coli.k32.r_0.001.S_local.k_13.d_4	escherichia_coli.k32	0.001	local	13	4	0.64	0.00	0.63	99%	4720	0	0	0.648627
escherichia_coli.k32.r_0.01.S_local.k_13.d_4	escherichia_coli.k32	0.01	local	13	4	4.11	0.10	3.98	99%	8428	0	0	4.116852
escherichia_coli.k32.r_0.05.S_local.k_13.d_4	escherichia_coli.k32	0.05	local	13	4	11.46	0.15	11.18	98%	26148	0	0	11.464029
escherichia_coli.k32.r_0.1.S_local.k_13.d_4	escherichia_coli.k32	0.1	local	13	4	21.87	0.21	21.37	98%	88892	0	0	21.876995
escherichia_coli.k32.r_0.2.S_local.k_13.d_4	escherichia_coli.k32	0.2	local	13	4	29.77	0.21	29.24	98%	148200	0	0	29.783541
escherichia_coli.k32.r_0.3.S_local.k_13.d_4	escherichia_coli.k32	0.3	local	13	4	28.42	0.33	27.70	98%	251940	0	0	28.432171
escherichia_coli.k32.r_0.4.S_local.k_13.d_4	escherichia_coli.k32	0.4	local	13	4	40.56	0.35	39.63	98%	281844	0	0	40.566606
escherichia_coli.k32.r_0.5.S_local.k_13.d_4	escherichia_coli.k32	0.5	local	13	4	29.79	0.27	28.98	98%	358668	0	0	29.795985
escherichia_coli.k32.r_0.6.S_local.k_13.d_4	escherichia_coli.k32	0.6	local	13	4	35.53	0.43	34.42	98%	440692	0	0	35.538448
escherichia_coli.k32.r_0.7.S_local.k_13.d_4	escherichia_coli.k32	0.7	local	13	4	46.52	0.40	45.36	98%	353792	0	0	46.529498
escherichia_coli.k32.r_0.8.S_local.k_13.d_4	escherichia_coli.k32	0.8	local	13	4	58.43	0.43	57.19	98%	370276	0	0	58.443376
escherichia_coli.k32.r_0.9.S_local.k_13.d_4	escherichia_coli.k32	0.9	local	13	4	57.97	0.41	56.92	98%	403800	0	0	57.97807
escherichia_coli.k32.r_1.0.S_local.k_13.d_4	escherichia_coli.k32	1.0	local	13	4	89.63	0.73	88.34	99%	847104	0	0	89.637752
escherichia_coli.k32.r_0.000000001.S_local.k_13.d_5	escherichia_coli.k32	0.000000001	local	13	5	0.00	0.00	0.00	100%	4068	0	0	0.008228
escherichia_coli.k32.r_0.0001.S_local.k_13.d_5	escherichia_coli.k32	0.0001	local	13	5	0.36	0.00	0.35	99%	4100	0	0	0.367849
escherichia_coli.k32.r_0.001.S_local.k_13.d_5	escherichia_coli.k32	0.001	local	13	5	1.49	0.00	1.48	99%	4720	0	0	1.502517
escherichia_coli.k32.r_0.01.S_local.k_13.d_5	escherichia_coli.k32	0.01	local	13	5	7.47	0.02	7.42	99%	9732	0	0	7.483485
escherichia_coli.k32.r_0.05.S_local.k_13.d_5	escherichia_coli.k32	0.05	local	13	5	20.40	0.13	20.02	98%	90116	0	0	20.405449
escherichia_coli.k32.r_0.1.S_local.k_13.d_5	escherichia_coli.k32	0.1	local	13	5	27.62	0.21	27.14	99%	167936	0	0	27.625827
escherichia_coli.k32.r_0.2.S_local.k_13.d_5	escherichia_coli.k32	0.2	local	13	5	37.75	0.32	36.98	98%	347724	0	0	37.761249
escherichia_coli.k32.r_0.3.S_local.k_13.d_5	escherichia_coli.k32	0.3	local	13	5	39.59	0.39	38.40	97%	461296	0	0	39.595882
escherichia_coli.k32.r_0.4.S_local.k_13.d_5	escherichia_coli.k32	0.4	local	13	5	57.57	0.53	56.21	98%	578384	0	0	57.580052
escherichia_coli.k32.r_0.5.S_local.k_13.d_5	escherichia_coli.k32	0.5	local	13	5	39.73	0.34	38.75	98%	499564	0	0	39.744193
escherichia_coli.k32.r_0.6.S_local.k_13.d_5	escherichia_coli.k32	0.6	local	13	5	56.49	0.48	55.15	98%	784968	0	0	56.502827
escherichia_coli.k32.r_0.7.S_local.k_13.d_5	escherichia_coli.k32	0.7	local	13	5	54.80	0.35	53.70	98%	665416	0	0	54.804233
escherichia_coli.k32.r_0.8.S_local.k_13.d_5	escherichia_coli.k32	0.8	local	13	5	63.01	0.49	61.65	98%	652576	0	0	63.01315
escherichia_coli.k32.r_0.9.S_local.k_13.d_5	escherichia_coli.k32	0.9	local	13	5	67.18	0.59	65.41	98%	818928	0	0	67.192535
escherichia_coli.k32.r_1.0.S_local.k_13.d_5	escherichia_coli.k32	1.0	local	13	5	93.85	0.58	92.65	99%	1115364	0	0	93.862783
escherichia_coli.k32.r_0.000000001.S_global.k_15.d_na	escherichia_coli.k32	0.000000001	global	15	na	0.00	0.00	0.00	100%	4072	0	0	0.008308
escherichia_coli.k32.r_0.0001.S_global.k_15.d_na	escherichia_coli.k32	0.0001	global	15	na	0.08	0.00	0.07	95%	4304	0	0	0.083436
escherichia_coli.k32.r_0.001.S_global.k_15.d_na	escherichia_coli.k32	0.001	global	15	na	0.57	0.00	0.55	97%	8156	0	0	0.576875
escherichia_coli.k32.r_0.01.S_global.k_15.d_na	escherichia_coli.k32	0.01	global	15	na	3.86	0.01	3.77	97%	49520	0	0	3.873011
escherichia_coli.k32.r_0.05.S_global.k_15.d_na	escherichia_coli.k32	0.05	global	15	na	23.38	0.14	23.09	99%	227712	0	0	23.393156
escherichia_coli.k32.r_0.1.S_global.k_15.d_na	escherichia_coli.k32	0.1	global	15	na	61.69	0.42	61.05	99%	451624	0	0	61.699194
escherichia_coli.k32.r_0.2.S_global.k_15.d_na	escherichia_coli.k32	0.2	global	15	na	88.48	0.40	87.78	99%	899440	0	0	88.488788
escherichia_coli.k32.r_0.3.S_global.k_15.d_na	escherichia_coli.k32	0.3	global	15	na	115.99	0.61	115.12	99%	1380552	0	0	115.994299
escherichia_coli.k32.r_0.4.S_global.k_15.d_na	escherichia_coli.k32	0.4	global	15	na	152.38	0.74	151.29	99%	1795088	0	0	152.390437
escherichia_coli.k32.r_0.5.S_global.k_15.d_na	escherichia_coli.k32	0.5	global	15	na	186.93	0.95	185.56	99%	2209640	0	0	186.935911
escherichia_coli.k32.r_0.6.S_global.k_15.d_na	escherichia_coli.k32	0.6	global	15	na	179.88	1.08	178.36	99%	2757296	0	0	179.885532
escherichia_coli.k32.r_0.7.S_global.k_15.d_na	escherichia_coli.k32	0.7	global	15	na	218.79	1.29	216.98	99%	3171832	0	0	218.795072
escherichia_coli.k32.r_0.8.S_global.k_15.d_na	escherichia_coli.k32	0.8	global	15	na	242.69	1.51	240.59	99%	3586380	0	0	242.697059
escherichia_coli.k32.r_0.9.S_global.k_15.d_na	escherichia_coli.k32	0.9	global	15	na	261.97	1.73	259.74	99%	4000920	0	0	261.981701
escherichia_coli.k32.r_1.0.S_global.k_15.d_na	escherichia_coli.k32	1.0	global	15	na	298.14	1.60	296.23	99%	4415476	0	0	298.145546
escherichia_coli.k32.r_0.000000001.S_local.k_15.d_1	escherichia_coli.k32	0.000000001	local	15	1	0.00	0.00	0.00	100%	4068	0	0	0.007861
escherichia_coli.k32.r_0.0001.S_local.k_15.d_1	escherichia_coli.k32	0.0001	local	15	1	0.02	0.01	0.01	88%	4232	0	0	0.030724
escherichia_coli.k32.r_0.001.S_local.k_15.d_1	escherichia_coli.k32	0.001	local	15	1	0.22	0.05	0.15	95%	5236	0	0	0.227695
escherichia_coli.k32.r_0.01.S_local.k_15.d_1	escherichia_coli.k32	0.01	local	15	1	2.14	0.57	1.46	94%	21100	0	0	2.151115
escherichia_coli.k32.r_0.05.S_local.k_15.d_1	escherichia_coli.k32	0.05	local	15	1	12.21	2.93	9.10	98%	72264	0	0	12.217183
escherichia_coli.k32.r_0.1.S_local.k_15.d_1	escherichia_coli.k32	0.1	local	15	1	25.09	5.42	19.50	99%	141068	0	0	25.095383
escherichia_coli.k32.r_0.2.S_local.k_15.d_1	escherichia_coli.k32	0.2	local	15	1	48.52	9.02	39.30	99%	278160	0	0	48.528382
escherichia_coli.k32.r_0.3.S_local.k_15.d_1	escherichia_coli.k32	0.3	local	15	1	60.85	10.20	50.44	99%	552600	0	0	60.858483
escherichia_coli.k32.r_0.4.S_local.k_15.d_1	escherichia_coli.k32	0.4	local	15	1	91.69	14.04	77.33	99%	552600	0	0	91.695813
escherichia_coli.k32.r_0.5.S_local.k_15.d_1	escherichia_coli.k32	0.5	local	15	1	123.54	15.70	107.47	99%	552596	0	0	123.548278
escherichia_coli.k32.r_0.6.S_local.k_15.d_1	escherichia_coli.k32	0.6	local	15	1	108.67	14.26	94.07	99%	1101480	0	0	108.679097
escherichia_coli.k32.r_0.7.S_local.k_15.d_1	escherichia_coli.k32	0.7	local	15	1	113.17	12.60	100.19	99%	1101480	0	0	113.179687
escherichia_coli.k32.r_0.8.S_local.k_15.d_1	escherichia_coli.k32	0.8	local	15	1	138.69	12.89	125.22	99%	1101480	0	0	138.698754
escherichia_coli.k32.r_0.9.S_local.k_15.d_1	escherichia_coli.k32	0.9	local	15	1	147.08	10.65	136.12	99%	1101480	0	0	147.092856
escherichia_coli.k32.r_1.0.S_local.k_15.d_1	escherichia_coli.k32	1.0	local	15	1	152.35	5.85	146.35	99%	1101480	0	0	152.355294
escherichia_coli.k32.r_0.000000001.S_local.k_15.d_2	escherichia_coli.k32	0.000000001	local	15	2	0.00	0.00	0.00	100%	4068	0	0	0.007246
escherichia_coli.k32.r_0.0001.S_local.k_15.d_2	escherichia_coli.k32	0.0001	local	15	2	0.04	0.01	0.03	91%	4232	0	0	0.053333
escherichia_coli.k32.r_0.001.S_local.k_15.d_2	escherichia_coli.k32	0.001	local	15	2	0.45	0.10	0.34	98%	5236	0	0	0.454302
escherichia_coli.k32.r_0.01.S_local.k_15.d_2	escherichia_coli.k32	0.01	local	15	2	3.31	0.75	2.47	97%	21100	0	0	3.318662
escherichia_coli.k32.r_0.05.S_local.k_15.d_2	escherichia_coli.k32	0.05	local	15	2	24.98	2.71	22.13	99%	72492	0	0	24.991615
escherichia_coli.k32.r_0.1.S_local.k_15.d_2	escherichia_coli.k32	0.1	local	15	2	47.69	4.53	43.04	99%	141068	0	0	47.699828
escherichia_coli.k32.r_0.2.S_local.k_15.d_2	escherichia_coli.k32	0.2	local	15	2	76.43	5.30	70.88	99%	278160	0	0	76.437098
escherichia_coli.k32.r_0.3.S_local.k_15.d_2	escherichia_coli.k32	0.3	local	15	2	89.66	6.90	82.44	99%	552600	0	0	89.667043
escherichia_coli.k32.r_0.4.S_local.k_15.d_2	escherichia_coli.k32	0.4	local	15	2	130.76	6.85	123.59	99%	552632	0	0	130.772631
escherichia_coli.k32.r_0.5.S_local.k_15.d_2	escherichia_coli.k32	0.5	local	15	2	179.57	6.83	172.40	99%	552600	0	0	179.573886
escherichia_coli.k32.r_0.6.S_local.k_15.d_2	escherichia_coli.k32	0.6	local	15	2	138.49	6.14	131.87	99%	1101480	0	0	138.494948
escherichia_coli.k32.r_0.7.S_local.k_15.d_2	escherichia_coli.k32	0.7	local	15	2	156.49	5.62	150.56	99%	1101480	0	0	156.50094
escherichia_coli.k32.r_0.8.S_local.k_15.d_2	escherichia_coli.k32	0.8	local	15	2	176.11	5.41	170.12	99%	1101480	0	0	176.114831
escherichia_coli.k32.r_0.9.S_local.k_15.d_2	escherichia_coli.k32	0.9	local	15	2	180.90	4.19	176.19	99%	1101480	0	0	180.911792
escherichia_coli.k32.r_1.0.S_local.k_15.d_2	escherichia_coli.k32	1.0	local	15	2	194.23	3.02	191.04	99%	1101480	0	0	194.23922
escherichia_coli.k32.r_0.000000001.S_local.k_15.d_3	escherichia_coli.k32	0.000000001	local	15	3	0.00	0.00	0.00	75%	4068	0	0	0.007742
escherichia_coli.k32.r_0.0001.S_local.k_15.d_3	escherichia_coli.k32	0.0001	local	15	3	0.09	0.00	0.08	97%	4232	0	0	0.094765
escherichia_coli.k32.r_0.001.S_local.k_15.d_3	escherichia_coli.k32	0.001	local	15	3	0.93	0.08	0.84	99%	5236	0	0	0.937864
escherichia_coli.k32.r_0.01.S_local.k_15.d_3	escherichia_coli.k32	0.01	local	15	3	7.77	0.60	7.09	98%	21100	0	0	7.782542
escherichia_coli.k32.r_0.05.S_local.k_15.d_3	escherichia_coli.k32	0.05	local	15	3	47.44	1.57	45.70	99%	72264	0	0	47.446917
escherichia_coli.k32.r_0.1.S_local.k_15.d_3	escherichia_coli.k32	0.1	local	15	3	96.62	2.69	93.77	99%	141068	0	0	96.631685
escherichia_coli.k32.r_0.2.S_local.k_15.d_3	escherichia_coli.k32	0.2	local	15	3	139.27	3.33	135.58	99%	278156	0	0	139.276378
escherichia_coli.k32.r_0.3.S_local.k_15.d_3	escherichia_coli.k32	0.3	local	15	3	140.58	3.19	137.10	99%	552600	0	0	140.584825
escherichia_coli.k32.r_0.4.S_local.k_15.d_3	escherichia_coli.k32	0.4	local	15	3	207.65	3.46	203.78	99%	552600	0	0	207.656571
escherichia_coli.k32.r_0.5.S_local.k_15.d_3	escherichia_coli.k32	0.5	local	15	3	262.90	3.50	259.00	99%	552600	0	0	262.905075
escherichia_coli.k32.r_0.6.S_local.k_15.d_3	escherichia_coli.k32	0.6	local	15	3	203.91	3.13	200.31	99%	1101476	0	0	203.914817
escherichia_coli.k32.r_0.7.S_local.k_15.d_3	escherichia_coli.k32	0.7	local	15	3	233.27	3.17	229.65	99%	1101480	0	0	233.274293
escherichia_coli.k32.r_0.8.S_local.k_15.d_3	escherichia_coli.k32	0.8	local	15	3	261.02	3.13	257.30	99%	1101480	0	0	261.026449
escherichia_coli.k32.r_0.9.S_local.k_15.d_3	escherichia_coli.k32	0.9	local	15	3	275.47	3.42	271.46	99%	1125108	0	0	275.478829
escherichia_coli.k32.r_1.0.S_local.k_15.d_3	escherichia_coli.k32	1.0	local	15	3	295.59	2.39	292.91	99%	1108084	0	0	295.599604
escherichia_coli.k32.r_0.000000001.S_local.k_15.d_4	escherichia_coli.k32	0.000000001	local	15	4	0.00	0.00	0.00	100%	4068	0	0	0.005753
escherichia_coli.k32.r_0.0001.S_local.k_15.d_4	escherichia_coli.k32	0.0001	local	15	4	0.27	0.01	0.26	99%	4232	0	0	0.281113
escherichia_coli.k32.r_0.001.S_local.k_15.d_4	escherichia_coli.k32	0.001	local	15	4	3.20	0.06	3.13	99%	5236	0	0	3.211218
escherichia_coli.k32.r_0.01.S_local.k_15.d_4	escherichia_coli.k32	0.01	local	15	4	23.37	0.47	22.78	99%	21100	0	0	23.378405
escherichia_coli.k32.r_0.05.S_local.k_15.d_4	escherichia_coli.k32	0.05	local	15	4	100.58	0.86	99.53	99%	72264	0	0	100.585522
escherichia_coli.k32.r_0.1.S_local.k_15.d_4	escherichia_coli.k32	0.1	local	15	4	190.05	1.56	188.29	99%	141068	0	0	190.062921
escherichia_coli.k32.r_0.2.S_local.k_15.d_4	escherichia_coli.k32	0.2	local	15	4	222.95	1.69	220.94	99%	278160	0	0	222.962696
escherichia_coli.k32.r_0.3.S_local.k_15.d_4	escherichia_coli.k32	0.3	local	15	4	195.59	1.50	193.74	99%	552600	0	0	195.601553
escherichia_coli.k32.r_0.4.S_local.k_15.d_4	escherichia_coli.k32	0.4	local	15	4	307.58	1.73	305.29	99%	555400	0	0	307.589112
escherichia_coli.k32.r_0.5.S_local.k_15.d_4	escherichia_coli.k32	0.5	local	15	4	426.23	2.03	423.15	99%	579700	0	0	426.238756
escherichia_coli.k32.r_0.6.S_local.k_15.d_4	escherichia_coli.k32	0.6	local	15	4	283.71	1.65	281.16	99%	1195892	0	0	283.724187
escherichia_coli.k32.r_0.7.S_local.k_15.d_4	escherichia_coli.k32	0.7	local	15	4	310.06	1.83	307.17	99%	1272588	0	0	310.07223
escherichia_coli.k32.r_0.8.S_local.k_15.d_4	escherichia_coli.k32	0.8	local	15	4	403.63	2.09	400.23	99%	1352776	0	0	403.640765
escherichia_coli.k32.r_0.9.S_local.k_15.d_4	escherichia_coli.k32	0.9	local	15	4	418.94	1.99	416.05	99%	1382840	0	0	418.947438
escherichia_coli.k32.r_1.0.S_local.k_15.d_4	escherichia_coli.k32	1.0	local	15	4	408.78	1.52	406.46	99%	1304188	0	0	408.789342
escherichia_coli.k32.r_0.000000001.S_local.k_15.d_5	escherichia_coli.k32	0.000000001	local	15	5	0.00	0.00	0.00	100%	4068	0	0	0.007783
escherichia_coli.k32.r_0.0001.S_local.k_15.d_5	escherichia_coli.k32	0.0001	local	15	5	1.02	0.01	1.00	99%	4232	0	0	1.031909
escherichia_coli.k32.r_0.001.S_local.k_15.d_5	escherichia_coli.k32	0.001	local	15	5	11.29	0.06	11.21	99%	5236	0	0	11.297039
escherichia_coli.k32.r_0.01.S_local.k_15.d_5	escherichia_coli.k32	0.01	local	15	5	53.43	0.30	52.98	99%	21100	0	0	53.434291
escherichia_coli.k32.r_0.05.S_local.k_15.d_5	escherichia_coli.k32	0.05	local	15	5	193.75	0.68	192.73	99%	72596	0	0	193.756255
escherichia_coli.k32.r_0.1.S_local.k_15.d_5	escherichia_coli.k32	0.1	local	15	5	257.90	1.01	256.57	99%	151392	0	0	257.911248
escherichia_coli.k32.r_0.2.S_local.k_15.d_5	escherichia_coli.k32	0.2	local	15	5	309.64	0.91	307.91	99%	333208	0	0	309.650124
escherichia_coli.k32.r_0.3.S_local.k_15.d_5	escherichia_coli.k32	0.3	local	15	5	339.22	1.10	336.95	99%	750088	0	0	339.227091
escherichia_coli.k32.r_0.4.S_local.k_15.d_5	escherichia_coli.k32	0.4	local	15	5	429.78	1.33	427.09	99%	1090616	0	0	429.791983
escherichia_coli.k32.r_0.5.S_local.k_15.d_5	escherichia_coli.k32	0.5	local	15	5	568.34	1.37	565.53	99%	1040996	0	0	568.353048
escherichia_coli.k32.r_0.6.S_local.k_15.d_5	escherichia_coli.k32	0.6	local	15	5	445.10	1.58	442.02	99%	1643112	0	0	445.113723
escherichia_coli.k32.r_0.7.S_local.k_15.d_5	escherichia_coli.k32	0.7	local	15	5	513.86	1.69	510.76	99%	1760804	0	0	513.869455
escherichia_coli.k32.r_0.8.S_local.k_15.d_5	escherichia_coli.k32	0.8	local	15	5	577.43	1.84	573.83	99%	1868840	0	0	577.438929
escherichia_coli.k32.r_0.9.S_local.k_15.d_5	escherichia_coli.k32	0.9	local	15	5	681.69	1.93	678.15	99%	1863716	0	0	681.703098
escherichia_coli.k32.r_1.0.S_local.k_15.d_5	escherichia_coli.k32	1.0	local	15	5	677.31	1.68	674.26	99%	1978820	0	0	677.316293
escherichia_coli.k32.r_0.000000001.S_global.k_19.d_na	escherichia_coli.k32	0.000000001	global	19	na	0.00	0.00	0.00	100%	4072	0	0	0.008276
escherichia_coli.k32.r_0.0001.S_global.k_19.d_na	escherichia_coli.k32	0.0001	global	19	na	0.11	0.00	0.10	94%	4444	0	0	0.118614
escherichia_coli.k32.r_0.001.S_global.k_19.d_na	escherichia_coli.k32	0.001	global	19	na	0.98	0.00	0.95	97%	9968	0	0	0.987239
escherichia_coli.k32.r_0.01.S_global.k_19.d_na	escherichia_coli.k32	0.01	global	19	na	10.08	0.04	9.94	99%	64152	0	0	10.085718
escherichia_coli.k32.r_0.05.S_global.k_19.d_na	escherichia_coli.k32	0.05	global	19	na	49.67	0.17	49.33	99%	318108	0	0	49.682427
escherichia_coli.k32.r_0.1.S_global.k_19.d_na	escherichia_coli.k32	0.1	global	19	na	93.20	0.33	92.42	99%	632416	0	0	93.20805
escherichia_coli.k32.r_0.2.S_global.k_19.d_na	escherichia_coli.k32	0.2	global	19	na	155.42	0.53	154.59	99%	1261020	0	0	155.424844
escherichia_coli.k32.r_0.3.S_global.k_19.d_na	escherichia_coli.k32	0.3	global	19	na	238.28	0.83	237.03	99%	1823080	0	0	238.286272
escherichia_coli.k32.r_0.4.S_global.k_19.d_na	escherichia_coli.k32	0.4	global	19	na	250.03	1.05	248.58	99%	2518244	0	0	250.033534
escherichia_coli.k32.r_0.5.S_global.k_19.d_na	escherichia_coli.k32	0.5	global	19	na	271.82	1.21	270.03	99%	3080300	0	0	271.833609
escherichia_coli.k32.r_0.6.S_global.k_19.d_na	escherichia_coli.k32	0.6	global	19	na	339.35	1.65	336.84	99%	3642356	0	0	339.359329
escherichia_coli.k32.r_0.7.S_global.k_19.d_na	escherichia_coli.k32	0.7	global	19	na	364.35	1.73	361.65	99%	4204408	0	0	364.361421
escherichia_coli.k32.r_0.8.S_global.k_19.d_na	escherichia_coli.k32	0.8	global	19	na	348.06	2.18	345.04	99%	5032696	0	0	348.068372
escherichia_coli.k32.r_0.9.S_global.k_19.d_na	escherichia_coli.k32	0.9	global	19	na	369.47	2.17	366.40	99%	5594752	0	0	369.478931
escherichia_coli.k32.r_1.0.S_global.k_19.d_na	escherichia_coli.k32	1.0	global	19	na	375.67	1.95	373.41	99%	6156800	0	0	375.67842
escherichia_coli.k32.r_0.000000001.S_local.k_19.d_1	escherichia_coli.k32	0.000000001	local	19	1	0.00	0.00	0.00	75%	4068	0	0	0.008295
escherichia_coli.k32.r_0.0001.S_local.k_19.d_1	escherichia_coli.k32	0.0001	local	19	1	0.03	0.00	0.02	88%	4468	0	0	0.03784
escherichia_coli.k32.r_0.001.S_local.k_19.d_1	escherichia_coli.k32	0.001	local	19	1	0.34	0.09	0.23	96%	6256	0	0	0.345294
escherichia_coli.k32.r_0.01.S_local.k_19.d_1	escherichia_coli.k32	0.01	local	19	1	3.35	0.90	2.36	97%	21100	0	0	3.361524
escherichia_coli.k32.r_0.05.S_local.k_19.d_1	escherichia_coli.k32	0.05	local	19	1	16.79	3.93	12.72	99%	141072	0	0	16.798906
escherichia_coli.k32.r_0.1.S_local.k_19.d_1	escherichia_coli.k32	0.1	local	19	1	30.81	6.75	23.89	99%	278160	0	0	30.822815
escherichia_coli.k32.r_0.2.S_local.k_19.d_1	escherichia_coli.k32	0.2	local	19	1	66.11	14.00	51.93	99%	552572	0	0	66.120409
escherichia_coli.k32.r_0.3.S_local.k_19.d_1	escherichia_coli.k32	0.3	local	19	1	103.70	17.08	86.30	99%	552600	0	0	103.709271
escherichia_coli.k32.r_0.4.S_local.k_19.d_1	escherichia_coli.k32	0.4	local	19	1	122.03	20.20	101.52	99%	1101480	0	0	122.036834
escherichia_coli.k32.r_0.5.S_local.k_19.d_1	escherichia_coli.k32	0.5	local	19	1	151.95	23.02	128.61	99%	1101480	0	0	151.957682
escherichia_coli.k32.r_0.6.S_local.k_19.d_1	escherichia_coli.k32	0.6	local	19	1	186.99	23.32	163.24	99%	1101476	0	0	186.994086
escherichia_coli.k32.r_0.7.S_local.k_19.d_1	escherichia_coli.k32	0.7	local	19	1	219.33	22.27	196.33	99%	1101480	0	0	219.336321
escherichia_coli.k32.r_0.8.S_local.k_19.d_1	escherichia_coli.k32	0.8	local	19	1	165.98	15.22	150.23	99%	2199220	0	0	165.992267
escherichia_coli.k32.r_0.9.S_local.k_19.d_1	escherichia_coli.k32	0.9	local	19	1	165.42	10.04	154.79	99%	2199220	0	0	165.429677
escherichia_coli.k32.r_1.0.S_local.k_19.d_1	escherichia_coli.k32	1.0	local	19	1	136.50	2.34	134.03	99%	2199240	0	0	136.511094
escherichia_coli.k32.r_0.000000001.S_local.k_19.d_2	escherichia_coli.k32	0.000000001	local	19	2	0.00	0.00	0.00	75%	4068	0	0	0.008065
escherichia_coli.k32.r_0.0001.S_local.k_19.d_2	escherichia_coli.k32	0.0001	local	19	2	0.05	0.00	0.04	100%	4468	0	0	0.055748
escherichia_coli.k32.r_0.001.S_local.k_19.d_2	escherichia_coli.k32	0.001	local	19	2	0.53	0.13	0.39	97%	6256	0	0	0.541861
escherichia_coli.k32.r_0.01.S_local.k_19.d_2	escherichia_coli.k32	0.01	local	19	2	5.50	0.98	4.42	98%	21100	0	0	5.504967
escherichia_coli.k32.r_0.05.S_local.k_19.d_2	escherichia_coli.k32	0.05	local	19	2	31.21	4.59	26.49	99%	141072	0	0	31.218473
escherichia_coli.k32.r_0.1.S_local.k_19.d_2	escherichia_coli.k32	0.1	local	19	2	55.90	7.15	48.59	99%	278160	0	0	55.906535
escherichia_coli.k32.r_0.2.S_local.k_19.d_2	escherichia_coli.k32	0.2	local	19	2	109.89	11.01	98.59	99%	552592	0	0	109.896039
escherichia_coli.k32.r_0.3.S_local.k_19.d_2	escherichia_coli.k32	0.3	local	19	2	208.14	14.53	193.20	99%	552600	0	0	208.145807
escherichia_coli.k32.r_0.4.S_local.k_19.d_2	escherichia_coli.k32	0.4	local	19	2	167.51	12.17	154.97	99%	1101480	0	0	167.522359
escherichia_coli.k32.r_0.5.S_local.k_19.d_2	escherichia_coli.k32	0.5	local	19	2	215.14	12.44	202.42	99%	1101480	0	0	215.146221
escherichia_coli.k32.r_0.6.S_local.k_19.d_2	escherichia_coli.k32	0.6	local	19	2	263.79	10.95	252.16	99%	1101480	0	0	263.794118
escherichia_coli.k32.r_0.7.S_local.k_19.d_2	escherichia_coli.k32	0.7	local	19	2	291.45	8.62	282.15	99%	1101480	0	0	291.456978
escherichia_coli.k32.r_0.8.S_local.k_19.d_2	escherichia_coli.k32	0.8	local	19	2	195.79	5.47	189.63	99%	2199240	0	0	195.800088
escherichia_coli.k32.r_0.9.S_local.k_19.d_2	escherichia_coli.k32	0.9	local	19	2	188.36	3.70	183.81	99%	2199240	0	0	188.370066
escherichia_coli.k32.r_1.0.S_local.k_19.d_2	escherichia_coli.k32	1.0	local	19	2	157.84	2.43	155.27	99%	2199240	0	0	157.851856
escherichia_coli.k32.r_0.000000001.S_local.k_19.d_3	escherichia_coli.k32	0.000000001	local	19	3	0.00	0.00	0.00	75%	4068	0	0	0.00799
escherichia_coli.k32.r_0.0001.S_local.k_19.d_3	escherichia_coli.k32	0.0001	local	19	3	0.10	0.01	0.08	96%	4468	0	0	0.113267
escherichia_coli.k32.r_0.001.S_local.k_19.d_3	escherichia_coli.k32	0.001	local	19	3	1.15	0.11	1.03	98%	6256	0	0	1.160042
escherichia_coli.k32.r_0.01.S_local.k_19.d_3	escherichia_coli.k32	0.01	local	19	3	17.07	0.96	16.02	99%	21100	0	0	17.079779
escherichia_coli.k32.r_0.05.S_local.k_19.d_3	escherichia_coli.k32	0.05	local	19	3	79.44	4.21	75.06	99%	141072	0	0	79.445687
escherichia_coli.k32.r_0.1.S_local.k_19.d_3	escherichia_coli.k32	0.1	local	19	3	145.96	7.53	138.17	99%	278160	0	0	145.969718
escherichia_coli.k32.r_0.2.S_local.k_19.d_3	escherichia_coli.k32	0.2	local	19	3	256.64	9.28	246.87	99%	552596	0	0	256.647012
escherichia_coli.k32.r_0.3.S_local.k_19.d_3	escherichia_coli.k32	0.3	local	19	3	492.35	11.80	480.05	99%	552600	0	0	492.360847
escherichia_coli.k32.r_0.4.S_local.k_19.d_3	escherichia_coli.k32	0.4	local	19	3	339.52	8.88	330.21	99%	1101480	0	0	339.526031
escherichia_coli.k32.r_0.5.S_local.k_19.d_3	escherichia_coli.k32	0.5	local	19	3	399.87	7.95	391.51	99%	1101480	0	0	399.873597
escherichia_coli.k32.r_0.6.S_local.k_19.d_3	escherichia_coli.k32	0.6	local	19	3	405.82	5.76	399.33	99%	1101480	0	0	405.830432
escherichia_coli.k32.r_0.7.S_local.k_19.d_3	escherichia_coli.k32	0.7	local	19	3	411.59	4.31	406.61	99%	1101480	0	0	411.59906
escherichia_coli.k32.r_0.8.S_local.k_19.d_3	escherichia_coli.k32	0.8	local	19	3	223.72	3.32	219.80	99%	2199240	0	0	223.733261
escherichia_coli.k32.r_0.9.S_local.k_19.d_3	escherichia_coli.k32	0.9	local	19	3	206.95	3.01	203.13	99%	2199240	0	0	206.963776
escherichia_coli.k32.r_1.0.S_local.k_19.d_3	escherichia_coli.k32	1.0	local	19	3	198.51	2.20	196.16	99%	2199240	0	0	198.514621
escherichia_coli.k32.r_0.000000001.S_local.k_19.d_4	escherichia_coli.k32	0.000000001	local	19	4	0.00	0.00	0.00	75%	4068	0	0	0.007799
escherichia_coli.k32.r_0.0001.S_local.k_19.d_4	escherichia_coli.k32	0.0001	local	19	4	0.28	0.01	0.26	98%	4468	0	0	0.288637
escherichia_coli.k32.r_0.001.S_local.k_19.d_4	escherichia_coli.k32	0.001	local	19	4	3.67	0.08	3.58	99%	6256	0	0	3.680657
escherichia_coli.k32.r_0.01.S_local.k_19.d_4	escherichia_coli.k32	0.01	local	19	4	49.97	0.94	48.92	99%	21100	0	0	49.973941
escherichia_coli.k32.r_0.05.S_local.k_19.d_4	escherichia_coli.k32	0.05	local	19	4	243.44	4.40	238.73	99%	141072	0	0	243.447086
escherichia_coli.k32.r_0.1.S_local.k_19.d_4	escherichia_coli.k32	0.1	local	19	4	398.37	6.30	391.64	99%	278160	0	0	398.380347
escherichia_coli.k32.r_0.2.S_local.k_19.d_4	escherichia_coli.k32	0.2	local	19	4	743.20	9.32	733.17	99%	552600	0	0	743.207406
escherichia_coli.k32.r_0.3.S_local.k_19.d_4	escherichia_coli.k32	0.3	local	19	4	1175.58	8.64	1165.85	99%	552600	0	0	1175.591527
escherichia_coli.k32.r_0.4.S_local.k_19.d_4	escherichia_coli.k32	0.4	local	19	4	776.11	6.89	768.55	99%	1101480	0	0	776.118628
escherichia_coli.k32.r_0.5.S_local.k_19.d_4	escherichia_coli.k32	0.5	local	19	4	781.05	5.88	774.50	99%	1101480	0	0	781.054142
escherichia_coli.k32.r_0.6.S_local.k_19.d_4	escherichia_coli.k32	0.6	local	19	4	750.93	4.38	745.57	99%	1101480	0	0	750.935939
escherichia_coli.k32.r_0.7.S_local.k_19.d_4	escherichia_coli.k32	0.7	local	19	4	783.32	4.02	778.32	99%	1101480	0	0	783.327995
escherichia_coli.k32.r_0.8.S_local.k_19.d_4	escherichia_coli.k32	0.8	local	19	4	369.92	3.19	365.95	99%	2199240	0	0	369.925382
escherichia_coli.k32.r_0.9.S_local.k_19.d_4	escherichia_coli.k32	0.9	local	19	4	353.25	3.05	349.37	99%	2199240	0	0	353.259408
escherichia_coli.k32.r_1.0.S_local.k_19.d_4	escherichia_coli.k32	1.0	local	19	4	322.55	2.24	320.09	99%	2199240	0	0	322.560492
escherichia_coli.k32.r_0.000000001.S_local.k_19.d_5	escherichia_coli.k32	0.000000001	local	19	5	0.00	0.00	0.00	100%	4068	0	0	0.008052
escherichia_coli.k32.r_0.0001.S_local.k_19.d_5	escherichia_coli.k32	0.0001	local	19	5	1.05	0.01	1.04	99%	4468	0	0	1.061465
escherichia_coli.k32.r_0.001.S_local.k_19.d_5	escherichia_coli.k32	0.001	local	19	5	13.72	0.14	13.56	99%	6256	0	0	13.731361
escherichia_coli.k32.r_0.01.S_local.k_19.d_5	escherichia_coli.k32	0.01	local	19	5	219.77	1.33	218.26	99%	21100	0	0	219.780777
escherichia_coli.k32.r_0.05.S_local.k_19.d_5	escherichia_coli.k32	0.05	local	19	5	767.50	4.44	762.55	99%	141072	0	0	767.512642
escherichia_coli.k32.r_0.1.S_local.k_19.d_5	escherichia_coli.k32	0.1	local	19	5	1306.04	5.86	1299.22	99%	278160	0	0	1306.045342
escherichia_coli.k32.r_0.2.S_local.k_19.d_5	escherichia_coli.k32	0.2	local	19	5	2131.37	8.67	2121.17	99%	552600	0	0	2131.384104
escherichia_coli.k32.r_0.3.S_local.k_19.d_5	escherichia_coli.k32	0.3	local	19	5	3101.14	7.48	3091.25	99%	552600	0	0	3101.147344
escherichia_coli.k32.r_0.4.S_local.k_19.d_5	escherichia_coli.k32	0.4	local	19	5	2100.12	6.85	2091.72	99%	1101480	0	0	2100.133375
escherichia_coli.k32.r_0.5.S_local.k_19.d_5	escherichia_coli.k32	0.5	local	19	5	1854.61	5.84	1847.32	99%	1101456	0	0	1854.618976
escherichia_coli.k32.r_0.6.S_local.k_19.d_5	escherichia_coli.k32	0.6	local	19	5	1891.19	4.72	1884.95	99%	1101480	0	0	1891.193574
escherichia_coli.k32.r_0.7.S_local.k_19.d_5	escherichia_coli.k32	0.7	local	19	5	1891.26	4.26	1885.37	99%	1101480	0	0	1891.26584
escherichia_coli.k32.r_0.8.S_local.k_19.d_5	escherichia_coli.k32	0.8	local	19	5	831.78	3.32	827.36	99%	2199240	0	0	831.783292
escherichia_coli.k32.r_0.9.S_local.k_19.d_5	escherichia_coli.k32	0.9	local	19	5	794.48	3.31	790.13	99%	2199240	0	0	794.490318
escherichia_coli.k32.r_1.0.S_local.k_19.d_5	escherichia_coli.k32	1.0	local	19	5	813.06	2.50	810.08	99%	2199240	0	0	813.07044
escherichia_coli.k32.r_0.000000001.S_global.k_23.d_na	escherichia_coli.k32	0.000000001	global	23	na	0.00	0.00	0.00	100%	4072	0	0	0.007131
escherichia_coli.k32.r_0.0001.S_global.k_23.d_na	escherichia_coli.k32	0.0001	global	23	na	0.15	0.00	0.14	95%	4444	0	0	0.154689
escherichia_coli.k32.r_0.001.S_global.k_23.d_na	escherichia_coli.k32	0.001	global	23	na	1.78	0.01	1.71	97%	10368	0	0	1.79003
escherichia_coli.k32.r_0.01.S_global.k_23.d_na	escherichia_coli.k32	0.01	global	23	na	18.61	0.05	18.36	98%	68724	0	0	18.61905
escherichia_coli.k32.r_0.05.S_global.k_23.d_na	escherichia_coli.k32	0.05	global	23	na	83.69	0.37	82.96	99%	340984	144	0	83.695511
escherichia_coli.k32.r_0.1.S_global.k_23.d_na	escherichia_coli.k32	0.1	global	23	na	143.50	0.33	142.73	99%	678156	0	0	143.505863
escherichia_coli.k32.r_0.2.S_global.k_23.d_na	escherichia_coli.k32	0.2	global	23	na	199.55	0.61	198.21	99%	1352496	0	0	199.558423
escherichia_coli.k32.r_0.3.S_global.k_23.d_na	escherichia_coli.k32	0.3	global	23	na	269.71	0.81	268.03	99%	1960304	0	0	269.714407
escherichia_coli.k32.r_0.4.S_global.k_23.d_na	escherichia_coli.k32	0.4	global	23	na	284.70	1.22	282.55	99%	2701180	0	0	284.711684
escherichia_coli.k32.r_0.5.S_global.k_23.d_na	escherichia_coli.k32	0.5	global	23	na	356.74	1.60	353.79	99%	3308968	0	0	356.748403
escherichia_coli.k32.r_0.6.S_global.k_23.d_na	escherichia_coli.k32	0.6	global	23	na	420.89	1.72	417.56	99%	3916748	0	0	420.899423
escherichia_coli.k32.r_0.7.S_global.k_23.d_na	escherichia_coli.k32	0.7	global	23	na	441.73	2.02	438.11	99%	4524532	0	0	441.742272
escherichia_coli.k32.r_0.8.S_global.k_23.d_na	escherichia_coli.k32	0.8	global	23	na	418.77	2.31	415.04	99%	5398560	0	0	418.774499
escherichia_coli.k32.r_0.9.S_global.k_23.d_na	escherichia_coli.k32	0.9	global	23	na	490.31	3.10	484.36	99%	6006340	0	0	490.317339
escherichia_coli.k32.r_1.0.S_global.k_23.d_na	escherichia_coli.k32	1.0	global	23	na	450.02	2.05	447.57	99%	6614120	0	0	450.027762
escherichia_coli.k32.r_0.000000001.S_local.k_23.d_1	escherichia_coli.k32	0.000000001	local	23	1	0.00	0.00	0.00	75%	4068	0	0	0.008069
escherichia_coli.k32.r_0.0001.S_local.k_23.d_1	escherichia_coli.k32	0.0001	local	23	1	0.03	0.01	0.02	94%	4464	0	0	0.043211
escherichia_coli.k32.r_0.001.S_local.k_23.d_1	escherichia_coli.k32	0.001	local	23	1	0.38	0.09	0.27	93%	6260	0	0	0.393522
escherichia_coli.k32.r_0.01.S_local.k_23.d_1	escherichia_coli.k32	0.01	local	23	1	4.20	0.91	3.14	96%	21100	0	0	4.207498
escherichia_coli.k32.r_0.05.S_local.k_23.d_1	escherichia_coli.k32	0.05	local	23	1	17.77	3.86	13.64	98%	141072	0	0	17.781974
escherichia_coli.k32.r_0.1.S_local.k_23.d_1	escherichia_coli.k32	0.1	local	23	1	35.57	7.04	28.14	98%	278156	0	0	35.580477
escherichia_coli.k32.r_0.2.S_local.k_23.d_1	escherichia_coli.k32	0.2	local	23	1	81.57	14.45	66.53	99%	552600	0	0	81.582468
escherichia_coli.k32.r_0.3.S_local.k_23.d_1	escherichia_coli.k32	0.3	local	23	1	118.48	19.40	98.52	99%	552600	0	0	118.488115
escherichia_coli.k32.r_0.4.S_local.k_23.d_1	escherichia_coli.k32	0.4	local	23	1	149.97	23.18	125.95	99%	1101476	0	0	149.975957
escherichia_coli.k32.r_0.5.S_local.k_23.d_1	escherichia_coli.k32	0.5	local	23	1	166.10	22.65	142.71	99%	1101476	0	0	166.105684
escherichia_coli.k32.r_0.6.S_local.k_23.d_1	escherichia_coli.k32	0.6	local	23	1	224.17	26.97	196.38	99%	1101452	0	0	224.183368
escherichia_coli.k32.r_0.7.S_local.k_23.d_1	escherichia_coli.k32	0.7	local	23	1	262.88	25.29	236.39	99%	1101476	0	0	262.893182
escherichia_coli.k32.r_0.8.S_local.k_23.d_1	escherichia_coli.k32	0.8	local	23	1	205.16	17.96	185.94	99%	2199240	0	0	205.173138
escherichia_coli.k32.r_0.9.S_local.k_23.d_1	escherichia_coli.k32	0.9	local	23	1	188.28	10.53	176.24	99%	2199240	0	0	188.289578
escherichia_coli.k32.r_1.0.S_local.k_23.d_1	escherichia_coli.k32	1.0	local	23	1	158.08	2.48	155.41	99%	2199212	0	0	158.084998
escherichia_coli.k32.r_0.000000001.S_local.k_23.d_2	escherichia_coli.k32	0.000000001	local	23	2	0.00	0.00	0.00	100%	4068	0	0	0.008431
escherichia_coli.k32.r_0.0001.S_local.k_23.d_2	escherichia_coli.k32	0.0001	local	23	2	0.06	0.01	0.04	90%	4464	0	0	0.066276
escherichia_coli.k32.r_0.001.S_local.k_23.d_2	escherichia_coli.k32	0.001	local	23	2	0.57	0.14	0.41	96%	6260	0	0	0.579257
escherichia_coli.k32.r_0.01.S_local.k_23.d_2	escherichia_coli.k32	0.01	local	23	2	7.58	1.10	6.32	97%	21100	0	0	7.59102
escherichia_coli.k32.r_0.05.S_local.k_23.d_2	escherichia_coli.k32	0.05	local	23	2	32.71	4.58	27.87	99%	141072	0	0	32.722821
escherichia_coli.k32.r_0.1.S_local.k_23.d_2	escherichia_coli.k32	0.1	local	23	2	70.52	8.92	61.20	99%	278160	0	0	70.529323
escherichia_coli.k32.r_0.2.S_local.k_23.d_2	escherichia_coli.k32	0.2	local	23	2	142.54	12.81	129.06	99%	552600	0	0	142.552318
escherichia_coli.k32.r_0.3.S_local.k_23.d_2	escherichia_coli.k32	0.3	local	23	2	267.23	14.46	251.87	99%	552600	0	0	267.23442
escherichia_coli.k32.r_0.4.S_local.k_23.d_2	escherichia_coli.k32	0.4	local	23	2	211.54	12.82	197.93	99%	1101476	0	0	211.543703
escherichia_coli.k32.r_0.5.S_local.k_23.d_2	escherichia_coli.k32	0.5	local	23	2	255.47	13.60	240.67	99%	1101476	0	0	255.481296
escherichia_coli.k32.r_0.6.S_local.k_23.d_2	escherichia_coli.k32	0.6	local	23	2	321.97	11.63	309.46	99%	1101476	0	0	321.977714
escherichia_coli.k32.r_0.7.S_local.k_23.d_2	escherichia_coli.k32	0.7	local	23	2	346.22	9.14	335.79	99%	1101476	0	0	346.224459
escherichia_coli.k32.r_0.8.S_local.k_23.d_2	escherichia_coli.k32	0.8	local	23	2	204.88	5.22	198.20	99%	2199240	0	0	204.887122
escherichia_coli.k32.r_0.9.S_local.k_23.d_2	escherichia_coli.k32	0.9	local	23	2	197.81	3.64	192.53	99%	2199240	0	0	197.822106
escherichia_coli.k32.r_1.0.S_local.k_23.d_2	escherichia_coli.k32	1.0	local	23	2	167.95	2.19	165.59	99%	2199240	0	0	167.960188
escherichia_coli.k32.r_0.000000001.S_local.k_23.d_3	escherichia_coli.k32	0.000000001	local	23	3	0.00	0.00	0.00	100%	4068	0	0	0.007938
escherichia_coli.k32.r_0.0001.S_local.k_23.d_3	escherichia_coli.k32	0.0001	local	23	3	0.13	0.01	0.12	94%	4464	0	0	0.142005
escherichia_coli.k32.r_0.001.S_local.k_23.d_3	escherichia_coli.k32	0.001	local	23	3	1.51	0.06	1.42	98%	6260	0	0	1.51781
escherichia_coli.k32.r_0.01.S_local.k_23.d_3	escherichia_coli.k32	0.01	local	23	3	20.52	1.16	19.07	98%	21100	0	0	20.53205
escherichia_coli.k32.r_0.05.S_local.k_23.d_3	escherichia_coli.k32	0.05	local	23	3	98.00	4.19	93.62	99%	141064	0	0	98.010669
escherichia_coli.k32.r_0.1.S_local.k_23.d_3	escherichia_coli.k32	0.1	local	23	3	180.07	7.88	171.75	99%	278160	0	0	180.074974
escherichia_coli.k32.r_0.2.S_local.k_23.d_3	escherichia_coli.k32	0.2	local	23	3	343.81	11.91	331.09	99%	552600	0	0	343.818303
escherichia_coli.k32.r_0.3.S_local.k_23.d_3	escherichia_coli.k32	0.3	local	23	3	611.24	13.20	596.97	99%	552600	0	0	611.243555
escherichia_coli.k32.r_0.4.S_local.k_23.d_3	escherichia_coli.k32	0.4	local	23	3	438.64	10.38	427.23	99%	1101476	0	0	438.645426
escherichia_coli.k32.r_0.5.S_local.k_23.d_3	escherichia_coli.k32	0.5	local	23	3	453.59	9.17	443.41	99%	1101476	0	0	453.596037
escherichia_coli.k32.r_0.6.S_local.k_23.d_3	escherichia_coli.k32	0.6	local	23	3	478.94	6.21	471.57	99%	1101476	0	0	478.944663
escherichia_coli.k32.r_0.7.S_local.k_23.d_3	escherichia_coli.k32	0.7	local	23	3	471.98	4.74	465.85	99%	1101476	0	0	471.987076
escherichia_coli.k32.r_0.8.S_local.k_23.d_3	escherichia_coli.k32	0.8	local	23	3	275.39	3.81	269.05	99%	2199292	0	0	275.401788
escherichia_coli.k32.r_0.9.S_local.k_23.d_3	escherichia_coli.k32	0.9	local	23	3	244.26	2.94	240.17	99%	2199320	0	0	244.266467
escherichia_coli.k32.r_1.0.S_local.k_23.d_3	escherichia_coli.k32	1.0	local	23	3	209.11	2.20	206.71	99%	2199240	0	0	209.113381
escherichia_coli.k32.r_0.000000001.S_local.k_23.d_4	escherichia_coli.k32	0.000000001	local	23	4	0.00	0.00	0.00	100%	4068	0	0	0.007814
escherichia_coli.k32.r_0.0001.S_local.k_23.d_4	escherichia_coli.k32	0.0001	local	23	4	0.38	0.01	0.37	100%	4464	0	0	0.391628
escherichia_coli.k32.r_0.001.S_local.k_23.d_4	escherichia_coli.k32	0.001	local	23	4	4.86	0.14	4.70	99%	6260	0	0	4.868445
escherichia_coli.k32.r_0.01.S_local.k_23.d_4	escherichia_coli.k32	0.01	local	23	4	63.20	1.07	61.98	99%	21100	0	0	63.208081
escherichia_coli.k32.r_0.05.S_local.k_23.d_4	escherichia_coli.k32	0.05	local	23	4	268.57	4.62	263.53	99%	141072	0	0	268.577404
escherichia_coli.k32.r_0.1.S_local.k_23.d_4	escherichia_coli.k32	0.1	local	23	4	543.37	7.92	534.74	99%	278156	0	0	543.375939
escherichia_coli.k32.r_0.2.S_local.k_23.d_4	escherichia_coli.k32	0.2	local	23	4	852.20	9.96	841.08	99%	552600	0	0	852.211726
escherichia_coli.k32.r_0.3.S_local.k_23.d_4	escherichia_coli.k32	0.3	local	23	4	1522.13	10.28	1509.71	99%	552600	0	0	1522.141291
escherichia_coli.k32.r_0.4.S_local.k_23.d_4	escherichia_coli.k32	0.4	local	23	4	941.52	8.31	931.74	99%	1101476	0	0	941.525529
escherichia_coli.k32.r_0.5.S_local.k_23.d_4	escherichia_coli.k32	0.5	local	23	4	937.59	6.89	929.22	99%	1101452	0	0	937.600559
escherichia_coli.k32.r_0.6.S_local.k_23.d_4	escherichia_coli.k32	0.6	local	23	4	948.97	4.93	942.56	99%	1101476	0	0	948.974364
escherichia_coli.k32.r_0.7.S_local.k_23.d_4	escherichia_coli.k32	0.7	local	23	4	872.13	3.84	866.97	99%	1101476	0	0	872.140407
escherichia_coli.k32.r_0.8.S_local.k_23.d_4	escherichia_coli.k32	0.8	local	23	4	359.89	2.94	355.55	99%	2199240	0	0	359.894424
escherichia_coli.k32.r_0.9.S_local.k_23.d_4	escherichia_coli.k32	0.9	local	23	4	367.25	3.28	362.64	99%	2199320	0	0	367.25887
escherichia_coli.k32.r_1.0.S_local.k_23.d_4	escherichia_coli.k32	1.0	local	23	4	339.67	2.36	337.03	99%	2199240	0	0	339.674998
escherichia_coli.k32.r_0.000000001.S_local.k_23.d_5	escherichia_coli.k32	0.000000001	local	23	5	0.00	0.00	0.00	100%	4068	0	0	0.008131
escherichia_coli.k32.r_0.0001.S_local.k_23.d_5	escherichia_coli.k32	0.0001	local	23	5	1.23	0.02	1.20	99%	4464	0	0	1.238523
escherichia_coli.k32.r_0.001.S_local.k_23.d_5	escherichia_coli.k32	0.001	local	23	5	16.94	0.12	16.78	99%	6260	0	0	16.944492
escherichia_coli.k32.r_0.01.S_local.k_23.d_5	escherichia_coli.k32	0.01	local	23	5	259.95	1.44	258.18	99%	21100	0	0	259.961168
escherichia_coli.k32.r_0.05.S_local.k_23.d_5	escherichia_coli.k32	0.05	local	23	5	937.76	5.18	931.79	99%	141072	0	0	937.766348
escherichia_coli.k32.r_0.1.S_local.k_23.d_5	escherichia_coli.k32	0.1	local	23	5	1687.06	8.29	1677.49	99%	278160	0	0	1687.07223
escherichia_coli.k32.r_0.2.S_local.k_23.d_5	escherichia_coli.k32	0.2	local	23	5	2599.74	10.14	2587.51	99%	552600	0	0	2599.749736
escherichia_coli.k32.r_0.3.S_local.k_23.d_5	escherichia_coli.k32	0.3	local	23	5	4161.86	10.25	4148.15	99%	552600	0	0	4161.871254
escherichia_coli.k32.r_0.4.S_local.k_23.d_5	escherichia_coli.k32	0.4	local	23	5	2204.90	7.52	2195.36	99%	1101476	0	0	2204.906579
escherichia_coli.k32.r_0.5.S_local.k_23.d_5	escherichia_coli.k32	0.5	local	23	5	1987.24	5.81	1979.34	99%	1101448	0	0	1987.25077
escherichia_coli.k32.r_0.6.S_local.k_23.d_5	escherichia_coli.k32	0.6	local	23	5	2005.84	4.88	1998.69	99%	1101476	0	0	2005.848659
escherichia_coli.k32.r_0.7.S_local.k_23.d_5	escherichia_coli.k32	0.7	local	23	5	1837.89	3.82	1831.71	99%	1101476	0	0	1837.898997
escherichia_coli.k32.r_0.8.S_local.k_23.d_5	escherichia_coli.k32	0.8	local	23	5	799.02	3.53	794.05	99%	2199240	0	0	799.027346
escherichia_coli.k32.r_0.9.S_local.k_23.d_5	escherichia_coli.k32	0.9	local	23	5	798.29	3.68	793.32	99%	2199356	0	0	798.296698
escherichia_coli.k32.r_1.0.S_local.k_23.d_5	escherichia_coli.k32	1.0	local	23	5	766.23	2.50	763.18	99%	2199368	0	0	766.234717
escherichia_coli.k32.r_0.000000001.S_global.k_31.d_na	escherichia_coli.k32	0.000000001	global	31	na	0.00	0.00	0.00	100%	4072	0	0	0.008235
escherichia_coli.k32.r_0.0001.S_global.k_31.d_na	escherichia_coli.k32	0.0001	global	31	na	0.28	0.00	0.26	93%	4456	0	0	0.286149
escherichia_coli.k32.r_0.001.S_global.k_31.d_na	escherichia_coli.k32	0.001	global	31	na	2.88	0.01	2.81	97%	11256	0	0	2.891399
escherichia_coli.k32.r_0.01.S_global.k_31.d_na	escherichia_coli.k32	0.01	global	31	na	19.37	0.05	19.01	98%	81064	0	0	19.381733
escherichia_coli.k32.r_0.05.S_global.k_31.d_na	escherichia_coli.k32	0.05	global	31	na	123.01	0.33	121.71	99%	381812	0	0	123.016644
escherichia_coli.k32.r_0.1.S_global.k_31.d_na	escherichia_coli.k32	0.1	global	31	na	206.25	0.54	203.45	98%	759824	0	0	206.258298
escherichia_coli.k32.r_0.2.S_global.k_31.d_na	escherichia_coli.k32	0.2	global	31	na	286.55	0.86	282.12	98%	1515836	0	0	286.554659
escherichia_coli.k32.r_0.3.S_global.k_31.d_na	escherichia_coli.k32	0.3	global	31	na	387.01	1.43	379.94	98%	2205292	0	0	387.016231
escherichia_coli.k32.r_0.4.S_global.k_31.d_na	escherichia_coli.k32	0.4	global	31	na	418.16	1.82	410.15	98%	3027864	0	0	418.169384
escherichia_coli.k32.r_0.5.S_global.k_31.d_na	escherichia_coli.k32	0.5	global	31	na	455.80	2.28	446.97	98%	3717312	0	0	455.813628
escherichia_coli.k32.r_0.6.S_global.k_31.d_na	escherichia_coli.k32	0.6	global	31	na	521.63	2.29	512.52	98%	4406772	0	0	521.634589
escherichia_coli.k32.r_0.7.S_global.k_31.d_na	escherichia_coli.k32	0.7	global	31	na	519.77	3.02	510.67	98%	5362468	0	0	519.774789
escherichia_coli.k32.r_0.8.S_global.k_31.d_na	escherichia_coli.k32	0.8	global	31	na	567.38	3.37	556.78	98%	6051920	0	0	567.390957
escherichia_coli.k32.r_0.9.S_global.k_31.d_na	escherichia_coli.k32	0.9	global	31	na	655.47	4.49	638.85	98%	6741372	0	0	655.48406
escherichia_coli.k32.r_1.0.S_global.k_31.d_na	escherichia_coli.k32	1.0	global	31	na	547.85	2.10	544.96	99%	7430820	0	0	547.856374
escherichia_coli.k32.r_0.000000001.S_local.k_31.d_1	escherichia_coli.k32	0.000000001	local	31	1	0.00	0.00	0.00	100%	4068	0	0	0.006772
escherichia_coli.k32.r_0.0001.S_local.k_31.d_1	escherichia_coli.k32	0.0001	local	31	1	0.05	0.01	0.03	84%	4468	0	0	0.055889
escherichia_coli.k32.r_0.001.S_local.k_31.d_1	escherichia_coli.k32	0.001	local	31	1	0.40	0.07	0.29	93%	6260	0	0	0.404013
escherichia_coli.k32.r_0.01.S_local.k_31.d_1	escherichia_coli.k32	0.01	local	31	1	4.72	0.97	3.43	93%	37996	0	0	4.723574
escherichia_coli.k32.r_0.05.S_local.k_31.d_1	escherichia_coli.k32	0.05	local	31	1	25.73	4.90	19.66	95%	141072	0	0	25.739828
escherichia_coli.k32.r_0.1.S_local.k_31.d_1	escherichia_coli.k32	0.1	local	31	1	44.84	8.06	35.04	96%	278160	0	0	44.845298
escherichia_coli.k32.r_0.2.S_local.k_31.d_1	escherichia_coli.k32	0.2	local	31	1	100.87	16.74	81.01	96%	552600	0	0	100.880784
escherichia_coli.k32.r_0.3.S_local.k_31.d_1	escherichia_coli.k32	0.3	local	31	1	150.90	22.70	124.33	97%	552592	0	0	150.908195
escherichia_coli.k32.r_0.4.S_local.k_31.d_1	escherichia_coli.k32	0.4	local	31	1	186.55	26.36	154.02	96%	1101476	0	0	186.554811
escherichia_coli.k32.r_0.5.S_local.k_31.d_1	escherichia_coli.k32	0.5	local	31	1	228.53	30.32	191.19	96%	1101480	0	0	228.537667
escherichia_coli.k32.r_0.6.S_local.k_31.d_1	escherichia_coli.k32	0.6	local	31	1	243.45	25.89	210.96	97%	1101480	0	0	243.459076
escherichia_coli.k32.r_0.7.S_local.k_31.d_1	escherichia_coli.k32	0.7	local	31	1	241.62	25.48	208.75	96%	2199228	0	0	241.632502
escherichia_coli.k32.r_0.8.S_local.k_31.d_1	escherichia_coli.k32	0.8	local	31	1	246.90	18.45	217.70	95%	2199240	0	0	246.910742
escherichia_coli.k32.r_0.9.S_local.k_31.d_1	escherichia_coli.k32	0.9	local	31	1	269.69	13.62	243.80	95%	2199240	0	0	269.695339
escherichia_coli.k32.r_1.0.S_local.k_31.d_1	escherichia_coli.k32	1.0	local	31	1	151.72	2.03	149.21	99%	2199240	0	0	151.733309
escherichia_coli.k32.r_0.000000001.S_local.k_31.d_2	escherichia_coli.k32	0.000000001	local	31	2	0.00	0.00	0.00	66%	4068	0	0	0.006863
escherichia_coli.k32.r_0.0001.S_local.k_31.d_2	escherichia_coli.k32	0.0001	local	31	2	0.06	0.01	0.04	93%	4468	0	0	0.066045
escherichia_coli.k32.r_0.001.S_local.k_31.d_2	escherichia_coli.k32	0.001	local	31	2	0.72	0.14	0.54	95%	6260	0	0	0.729494
escherichia_coli.k32.r_0.01.S_local.k_31.d_2	escherichia_coli.k32	0.01	local	31	2	7.07	1.20	5.53	95%	37996	0	0	7.076884
escherichia_coli.k32.r_0.05.S_local.k_31.d_2	escherichia_coli.k32	0.05	local	31	2	41.67	5.33	35.05	96%	141072	0	0	41.67346
escherichia_coli.k32.r_0.1.S_local.k_31.d_2	escherichia_coli.k32	0.1	local	31	2	80.74	9.96	68.70	97%	278160	0	0	80.747281
escherichia_coli.k32.r_0.2.S_local.k_31.d_2	escherichia_coli.k32	0.2	local	31	2	146.52	13.31	130.15	97%	552600	0	0	146.531284
escherichia_coli.k32.r_0.3.S_local.k_31.d_2	escherichia_coli.k32	0.3	local	31	2	288.60	17.76	266.35	98%	552600	0	0	288.613414
escherichia_coli.k32.r_0.4.S_local.k_31.d_2	escherichia_coli.k32	0.4	local	31	2	243.87	15.31	223.35	97%	1101480	0	0	243.874305
escherichia_coli.k32.r_0.5.S_local.k_31.d_2	escherichia_coli.k32	0.5	local	31	2	316.06	15.98	292.82	97%	1101480	0	0	316.064098
escherichia_coli.k32.r_0.6.S_local.k_31.d_2	escherichia_coli.k32	0.6	local	31	2	335.94	11.63	317.18	97%	1101460	0	0	335.950631
escherichia_coli.k32.r_0.7.S_local.k_31.d_2	escherichia_coli.k32	0.7	local	31	2	260.09	10.60	242.06	97%	2199120	0	0	260.100401
escherichia_coli.k32.r_0.8.S_local.k_31.d_2	escherichia_coli.k32	0.8	local	31	2	236.59	6.48	222.30	96%	2199240	0	0	236.603693
escherichia_coli.k32.r_0.9.S_local.k_31.d_2	escherichia_coli.k32	0.9	local	31	2	239.03	5.44	223.47	95%	2199240	0	0	239.03977
escherichia_coli.k32.r_1.0.S_local.k_31.d_2	escherichia_coli.k32	1.0	local	31	2	163.63	1.92	161.27	99%	2199240	0	0	163.635171
escherichia_coli.k32.r_0.000000001.S_local.k_31.d_3	escherichia_coli.k32	0.000000001	local	31	3	0.00	0.00	0.00	75%	4068	0	0	0.007996
escherichia_coli.k32.r_0.0001.S_local.k_31.d_3	escherichia_coli.k32	0.0001	local	31	3	0.11	0.01	0.10	100%	4468	0	0	0.120135
escherichia_coli.k32.r_0.001.S_local.k_31.d_3	escherichia_coli.k32	0.001	local	31	3	1.51	0.11	1.36	97%	6260	0	0	1.519442
escherichia_coli.k32.r_0.01.S_local.k_31.d_3	escherichia_coli.k32	0.01	local	31	3	14.32	1.04	12.92	97%	37996	0	0	14.326998
escherichia_coli.k32.r_0.05.S_local.k_31.d_3	escherichia_coli.k32	0.05	local	31	3	93.42	5.07	87.12	98%	141072	0	0	93.425806
escherichia_coli.k32.r_0.1.S_local.k_31.d_3	escherichia_coli.k32	0.1	local	31	3	170.18	7.84	160.38	98%	278160	0	0	170.191213
escherichia_coli.k32.r_0.2.S_local.k_31.d_3	escherichia_coli.k32	0.2	local	31	3	356.71	12.89	340.22	98%	552600	0	0	356.71864
escherichia_coli.k32.r_0.3.S_local.k_31.d_3	escherichia_coli.k32	0.3	local	31	3	578.10	13.18	561.00	99%	552600	0	0	578.108957
escherichia_coli.k32.r_0.4.S_local.k_31.d_3	escherichia_coli.k32	0.4	local	31	3	448.29	10.94	432.07	98%	1101476	0	0	448.302803
escherichia_coli.k32.r_0.5.S_local.k_31.d_3	escherichia_coli.k32	0.5	local	31	3	494.72	9.15	479.44	98%	1101480	0	0	494.731953
escherichia_coli.k32.r_0.6.S_local.k_31.d_3	escherichia_coli.k32	0.6	local	31	3	506.93	7.09	493.30	98%	1101480	0	0	506.934931
escherichia_coli.k32.r_0.7.S_local.k_31.d_3	escherichia_coli.k32	0.7	local	31	3	348.33	6.44	335.23	98%	2199196	0	0	348.336911
escherichia_coli.k32.r_0.8.S_local.k_31.d_3	escherichia_coli.k32	0.8	local	31	3	300.62	4.58	286.97	96%	2199240	0	0	300.63079
escherichia_coli.k32.r_0.9.S_local.k_31.d_3	escherichia_coli.k32	0.9	local	31	3	301.54	3.98	286.28	96%	2199240	0	0	301.550016
escherichia_coli.k32.r_1.0.S_local.k_31.d_3	escherichia_coli.k32	1.0	local	31	3	209.44	2.18	206.76	99%	2199240	0	0	209.447331
escherichia_coli.k32.r_0.000000001.S_local.k_31.d_4	escherichia_coli.k32	0.000000001	local	31	4	0.00	0.00	0.00	100%	4068	0	0	0.008329
escherichia_coli.k32.r_0.0001.S_local.k_31.d_4	escherichia_coli.k32	0.0001	local	31	4	0.31	0.02	0.28	99%	4468	0	0	0.316619
escherichia_coli.k32.r_0.001.S_local.k_31.d_4	escherichia_coli.k32	0.001	local	31	4	3.83	0.11	3.68	99%	6260	0	0	3.834776
escherichia_coli.k32.r_0.01.S_local.k_31.d_4	escherichia_coli.k32	0.01	local	31	4	42.72	1.10	41.35	99%	37996	0	0	42.726737
escherichia_coli.k32.r_0.05.S_local.k_31.d_4	escherichia_coli.k32	0.05	local	31	4	275.48	5.13	268.84	99%	141072	0	0	275.490603
escherichia_coli.k32.r_0.1.S_local.k_31.d_4	escherichia_coli.k32	0.1	local	31	4	573.20	9.21	561.67	99%	278160	0	0	573.212568
escherichia_coli.k32.r_0.2.S_local.k_31.d_4	escherichia_coli.k32	0.2	local	31	4	928.57	10.49	914.48	99%	552600	0	0	928.577228
escherichia_coli.k32.r_0.3.S_local.k_31.d_4	escherichia_coli.k32	0.3	local	31	4	1504.11	11.12	1487.83	99%	552600	0	0	1504.121352
escherichia_coli.k32.r_0.4.S_local.k_31.d_4	escherichia_coli.k32	0.4	local	31	4	1069.03	9.54	1052.90	99%	1101480	0	0	1069.037989
escherichia_coli.k32.r_0.5.S_local.k_31.d_4	escherichia_coli.k32	0.5	local	31	4	1056.92	7.52	1042.17	99%	1101480	0	0	1056.933796
escherichia_coli.k32.r_0.6.S_local.k_31.d_4	escherichia_coli.k32	0.6	local	31	4	989.11	6.40	974.83	99%	1101480	0	0	989.114999
escherichia_coli.k32.r_0.7.S_local.k_31.d_4	escherichia_coli.k32	0.7	local	31	4	454.01	4.15	443.70	98%	2199344	0	0	454.020134
escherichia_coli.k32.r_0.8.S_local.k_31.d_4	escherichia_coli.k32	0.8	local	31	4	410.06	3.59	395.74	97%	2199240	0	0	410.06502
escherichia_coli.k32.r_0.9.S_local.k_31.d_4	escherichia_coli.k32	0.9	local	31	4	405.60	3.75	390.29	97%	2199240	0	0	405.604816
escherichia_coli.k32.r_1.0.S_local.k_31.d_4	escherichia_coli.k32	1.0	local	31	4	346.33	2.15	343.63	99%	2199240	0	0	346.342104
escherichia_coli.k32.r_0.000000001.S_local.k_31.d_5	escherichia_coli.k32	0.000000001	local	31	5	0.00	0.00	0.00	75%	4068	0	0	0.007954
escherichia_coli.k32.r_0.0001.S_local.k_31.d_5	escherichia_coli.k32	0.0001	local	31	5	1.08	0.01	1.06	99%	4468	0	0	1.087054
escherichia_coli.k32.r_0.001.S_local.k_31.d_5	escherichia_coli.k32	0.001	local	31	5	15.75	0.13	15.57	99%	6260	0	0	15.758474
escherichia_coli.k32.r_0.01.S_local.k_31.d_5	escherichia_coli.k32	0.01	local	31	5	145.35	1.33	143.65	99%	37996	0	0	145.35973
escherichia_coli.k32.r_0.05.S_local.k_31.d_5	escherichia_coli.k32	0.05	local	31	5	930.07	5.50	922.99	99%	141072	0	0	930.078378
escherichia_coli.k32.r_0.1.S_local.k_31.d_5	escherichia_coli.k32	0.1	local	31	5	1749.16	8.71	1737.70	99%	278160	0	0	1749.167242
escherichia_coli.k32.r_0.2.S_local.k_31.d_5	escherichia_coli.k32	0.2	local	31	5	2778.25	11.91	2761.66	99%	552600	0	0	2778.254565
escherichia_coli.k32.r_0.3.S_local.k_31.d_5	escherichia_coli.k32	0.3	local	31	5	4292.68	12.50	4273.65	99%	552600	0	0	4292.685948
escherichia_coli.k32.r_0.4.S_local.k_31.d_5	escherichia_coli.k32	0.4	local	31	5	2443.78	8.63	2428.95	99%	1101480	0	0	2443.792062
escherichia_coli.k32.r_0.5.S_local.k_31.d_5	escherichia_coli.k32	0.5	local	31	5	2330.04	6.41	2316.26	99%	1101480	0	0	2330.051008
escherichia_coli.k32.r_0.6.S_local.k_31.d_5	escherichia_coli.k32	0.6	local	31	5	2191.69	5.48	2177.38	99%	1101480	0	0	2191.696201
escherichia_coli.k32.r_0.7.S_local.k_31.d_5	escherichia_coli.k32	0.7	local	31	5	925.90	4.46	914.59	99%	2199240	0	0	925.912573
escherichia_coli.k32.r_0.8.S_local.k_31.d_5	escherichia_coli.k32	0.8	local	31	5	769.98	4.94	756.93	98%	2199240	0	0	769.984494
escherichia_coli.k32.r_0.9.S_local.k_31.d_5	escherichia_coli.k32	0.9	local	31	5	884.56	4.25	868.11	98%	2199240	0	0	884.566327
escherichia_coli.k32.r_1.0.S_local.k_31.d_5	escherichia_coli.k32	1.0	local	31	5	891.77	2.58	888.41	99%	2199236	0	0	891.780545
